{"stats":{"minecraft:crafted":{"minecraft:oak_planks":4},"minecraft:mined":{"minecraft:oak_log":1,"minecraft:oak_leaves":6},"minecraft:custom":{"minecraft:jump":16,"minecraft:time_since_rest":2517,"minecraft:leave_game":1,"minecraft:crouch_one_cm":156,"minecraft:sprint_one_cm":1313,"minecraft:play_time":2517,"minecraft:time_since_death":2517,"minecraft:walk_one_cm":4098,"minecraft:sneak_time":19,"minecraft:total_world_time":2517,"minecraft:fall_one_cm":894,"minecraft:fly_one_cm":1725},"minecraft:picked_up":{"minecraft:oak_log":1}},"DataVersion":3465}